{
  "default": {
    "background_color": [0.17254901960784313, 0.17254901960784313, 0.17254901960784313, 1.0],
    "button_color": [0.3333333333333333, 0.3333333333333333, 0.3333333333333333, 1.0],
    "button_color_dark": [0.25098039215686274, 0.25098039215686274, 0.25098039215686274, 1.0],
    "button_active_color": [0.9254901960784314, 0.4, 0.21176470588235294, 1.0],
    "text_color": [0.9568627450980393, 0.9568627450980393, 0.9568627450980393, 1.0],
    "slider_cursor_color": [0.9254901960784314, 0.4, 0.21176470588235294, 1.0],
    "slider_track_color": [0, 0, 0, 0]
  },
  "purple": {
    "background_color": [0.1607843137254902, 0.15294117647058825, 0.23529411764705882, 1.0],
    "button_color": [0.49019607843137253, 0.4666666666666667, 0.7333333333333333, 1.0],
    "button_color_dark": [0.33725490196078434, 0.3333333333333333, 0.4000000000000001, 1.0],
    "button_active_color": [0.4705882352941176, 0.42745098039215684, 0.9, 1.0],
    "text_color": [0.9568627450980393, 0.9568627450980393, 0.9568627450980393, 1.0],
    "slider_cursor_color": [0.4705882352941176, 0.42745098039215684, 0.9, 1.0],
    "slider_track_color": [0, 0, 0, 0]
  },
  "blue-orange": {
    "background_color": [0.10196078431372549, 0.13725490196078433, 0.18823529411764706, 1.0],
    "button_color": [0.20392156862745098, 0.27450980392156865, 0.3764705882352941, 1.0],
    "button_color_dark": [0.1607843137254902, 0.2196078431372549, 0.30196078431372547, 1.0],
    "button_active_color": [0.9, 0.5, 0.13333333333333333, 1.0],
    "text_color": [0.9568627450980393, 0.9568627450980393, 0.9568627450980393, 1.0],
    "slider_cursor_color": [0.9, 0.5, 0.13333333333333333, 1.0],
    "slider_track_color": [0, 0, 0, 0]
  },
  "green-red": {
    "background_color": [0.12156862745098039, 0.16862745098039217, 0.13725490196078433, 1.0],
    "button_color": [0.24313725490196078, 0.33725490196078434, 0.27450980392156865, 1.0],
    "button_color_dark": [0.19607843137254902, 0.27058823529411763, 0.2196078431372549, 1.0],
    "button_active_color": [0.6666666666666666, 0.2235294117647059, 0.2235294117647059, 1.0],
    "text_color": [0.9568627450980393, 0.9568627450980393, 0.9568627450980393, 1.0],
    "slider_cursor_color": [0.6666666666666666, 0.2235294117647059, 0.2235294117647059, 1.0],
    "slider_track_color": [0, 0, 0, 0]
  },
  "purple-yellow": {
    "background_color": [0.1607843137254902, 0.13333333333333333, 0.2, 1.0],
    "button_color": [0.3215686274509804, 0.26666666666666666, 0.4000000000000001, 1.0],
    "button_color_dark": [0.25882352941176473, 0.21176470588235294, 0.3215686274509804, 1.0],
    "button_active_color": [0.9568627450980393, 0.8156862745098039, 0.24705882352941178, 1.0],
    "text_color": [0.9568627450980393, 0.9568627450980393, 0.9568627450980393, 1.0],
    "slider_cursor_color": [0.9568627450980393, 0.8156862745098039, 0.24705882352941178, 1.0],
    "slider_track_color": [0, 0, 0, 0]
  },
  "teal-coral": {
    "background_color": [0.13333333333333333, 0.18823529411764706, 0.2, 1.0],
    "button_color": [0.26666666666666666, 0.3764705882352941, 0.4000000000000001, 1.0],
    "button_color_dark": [0.21176470588235294, 0.30196078431372547, 0.3215686274509804, 1.0],
    "button_active_color": [0.9568627450980393, 0.5607843137254902, 0.6941176470588235, 1.0],
    "text_color": [0.9568627450980393, 0.9568627450980393, 0.9568627450980393, 1.0],
    "slider_cursor_color": [0.9568627450980393, 0.5607843137254902, 0.6941176470588235, 1.0],
    "slider_track_color": [0, 0, 0, 0]
  },
  "blue-gray-orange-gray": {
    "background_color": [0.1607843137254902, 0.2, 0.23921568627450981, 1.0],
    "button_color": [0.3215686274509804, 0.4000000000000001, 0.47843137254901963, 1.0],
    "button_color_dark": [0.25882352941176473, 0.3215686274509804, 0.3843137254901961, 1.0],
    "button_active_color": [0.6980392156862745, 0.5803921568627451, 0.4470588235294118, 1.0],
    "text_color": [0.9568627450980393, 0.9568627450980393, 0.9568627450980393, 1.0],
    "slider_cursor_color": [0.6980392156862745, 0.5803921568627451, 0.4470588235294118, 1.0],
    "slider_track_color": [0, 0, 0, 0]
  },
  "pink-green": {
    "background_color": [0.2, 0.13333333333333333, 0.1607843137254902, 1.0],
    "button_color": [0.4000000000000001, 0.26666666666666666, 0.3215686274509804, 1.0],
    "button_color_dark": [0.3215686274509804, 0.21176470588235294, 0.25882352941176473, 1.0],
    "button_active_color": [0.4000000000000001, 0.6666666666666666, 0.5333333333333333, 1.0],
    "text_color": [0.9568627450980393, 0.9568627450980393, 0.9568627450980393, 1.0],
    "slider_cursor_color": [0.4000000000000001, 0.6666666666666666, 0.5333333333333333, 1.0],
    "slider_track_color": [0, 0, 0, 0]
  },
  "indigo-gold": {
    "background_color": [0.18823529411764706, 0.15294117647058825, 0.23921568627450981, 1.0],
    "button_color": [0.3764705882352941, 0.3058823529411765, 0.47843137254901963, 1.0],
    "button_color_dark": [0.30196078431372547, 0.24313725490196078, 0.3843137254901961, 1.0],
    "button_active_color": [0.8, 0.6666666666666666, 0.4000000000000001, 1.0],
    "text_color": [0.9568627450980393, 0.9568627450980393, 0.9568627450980393, 1.0],
    "slider_cursor_color": [0.8, 0.6666666666666666, 0.4000000000000001, 1.0],
    "slider_track_color": [0, 0, 0, 0]
  }
}